label,GroupCount,Percent
outlier,193,27.5714285714286
inlier,507,72.4285714285714
