label,GroupCount,Percent
outlier,10,1.42857142857143
inlier,690,98.5714285714286
