label,GroupCount,Percent
outlier,12,1.71428571428571
inlier,688,98.2857142857143
