label,GroupCount,Percent
inlier,3230,94.9720670391062
outlier,171,5.02793296089385
