accuracy,precision,sensitivity,specificity,f1Score,aucpr
0.627,0.214521452145215,0.325,0.7025,0.25844930417495,0.247408278288182
0.606,0.176666666666667,0.265,0.69125,0.212,0.188929455485372
0.685,0.302405498281787,0.44,0.74625,0.358452138492872,0.267182218274696
0.652,0.253333333333333,0.38,0.72,0.304,0.243377111401856
0.642,0.236666666666667,0.355,0.71375,0.284,0.239652415178665
