label,GroupCount,Percent
outlier,136,19.4285714285714
inlier,564,80.5714285714286
