label,GroupCount,Percent
inlier,3156,92.7962364010585
outlier,245,7.20376359894149
