label,GroupCount,Percent
inlier,537,76.7142857142857
outlier,163,23.2857142857143
