accuracy,precision,sensitivity,specificity,f1Score,aucpr
0.693,0.00917431192660551,0.005,0.865,0.00647249190938511,0.188873316631876
0.502,0.00333333333333333,0.005,0.62625,0.004,0.109736972835445
0.658,0.263333333333333,0.395,0.72375,0.316,0.247872846577926
0.602,0.17,0.255,0.68875,0.204,0.189028420900476
0.638,0.23,0.345,0.71125,0.276,0.225430432918312
