label,GroupCount,Percent
outlier,135,19.2857142857143
inlier,565,80.7142857142857
