label,GroupCount,Percent
outlier,129,18.4285714285714
inlier,571,81.5714285714286
