accuracy,precision,sensitivity,specificity,f1Score,aucpr
0.896,0.896355353075171,0.98375,0.545,0.938021454112038,0.824758541858245
0.53,0.735714285714286,0.64375,0.075,0.686666666666667,0.114407159143327
0.517,0.725462304409673,0.6375,0.035,0.678642714570858,0.128777075768828
0.574,0.767142857142857,0.67125,0.185,0.716,0.152910273727011
0.624,0.802857142857143,0.7025,0.31,0.749333333333333,0.220880486288995
