accuracy,precision,sensitivity,specificity,f1Score,aucpr
0.929,0.881656804733728,0.745,0.975,0.807588075880759,0.825417390292439
0.53,0.05,0.075,0.64375,0.06,0.114407159143327
0.586,0.138513513513514,0.205,0.68125,0.165322580645161,0.168547860011579
0.55,0.0833333333333333,0.125,0.65625,0.1,0.142320565577714
0.624,0.206666666666667,0.31,0.7025,0.248,0.222365916336945
