accuracy,precision,sensitivity,specificity,f1Score,aucpr
0.966216216216216,1,0.166666666666667,1,0.285714285714286,0.720634920634921
0.959459459459459,NaN,0,1,0,0
0.743243243243243,0.136363636363636,1,0.732394366197183,0.24,0.762962962962963
0.743243243243243,0.136363636363636,1,0.732394366197183,0.24,0.774305555555556
