accuracy,precision,sensitivity,specificity,f1Score,aucpr
0.797297297297297,0.166666666666667,1,0.788732394366197,0.285714285714286,0.273566711066711
0.743243243243243,0.136363636363636,1,0.732394366197183,0.24,0.695138888888889
0.743243243243243,0.136363636363636,1,0.732394366197183,0.24,0.833333333333333
0.743243243243243,0.136363636363636,1,0.732394366197183,0.24,0.74375
0.675675675675676,0.0227272727272727,0.166666666666667,0.697183098591549,0.04,0.0385869801906267
