label,GroupCount,Percent
outlier,197,28.1428571428571
inlier,503,71.8571428571429
