label,GroupCount,Percent
inlier,545,77.8571428571429
outlier,155,22.1428571428571
