accuracy,precision,sensitivity,specificity,f1Score,aucpr
0.650073206442167,NaN,0,1,0,0.959167200988651
0.650073206442167,NaN,0,1,0,0
0.897510980966325,0.91219512195122,0.782426778242678,0.959459459459459,0.842342342342342,0.865463443125832
0.888726207906296,0.897560975609756,0.769874476987448,0.952702702702703,0.828828828828829,0.915667484101186
