accuracy,precision,sensitivity,specificity,f1Score,aucpr
0.650073206442167,NaN,0,1,0,0.969478054809723
0.650073206442167,NaN,0,1,0,0
0.847730600292826,0.697947214076246,0.99581589958159,0.768018018018018,0.820689655172414,0.865463443125832
0.850658857979502,0.700879765395894,1,0.77027027027027,0.824137931034483,0.915667484101186
