accuracy,precision,sensitivity,specificity,f1Score,aucpr
0.650073206442167,NaN,0,1,0,0.986951769534573
0.850658857979502,0.700879765395894,1,0.77027027027027,0.824137931034483,0.723726849063812
0.850658857979502,0.700879765395894,1,0.77027027027027,0.824137931034483,0.93281729962657
0.569546120058565,0.419354838709677,0.598326359832636,0.554054054054054,0.493103448275862,0.39222875836158
0.756954612005857,0.607038123167155,0.866108786610879,0.698198198198198,0.713793103448276,0.678393385020848
