accuracy,precision,sensitivity,specificity,f1Score,aucpr
0.650073206442167,NaN,0,1,0,0.973606641717638
0.827232796486091,0.795121951219512,0.682008368200837,0.905405405405405,0.734234234234234,0.723726849063812
0.89311859443631,0.906862745098039,0.774058577405858,0.957207207207207,0.835214446952596,0.93281729962657
0.566617862371889,0.360975609756098,0.309623430962343,0.704954954954955,0.333333333333333,0.39222875836158
0.765739385065886,0.692682926829268,0.594142259414226,0.858108108108108,0.63963963963964,0.678393385020848
