label,GroupCount,Percent
inlier,432,90.187891440501
outlier,47,9.81210855949896
