label,GroupCount,Percent
outlier,115,16.4285714285714
inlier,585,83.5714285714286
