label,GroupCount,Percent
outlier,199,28.4285714285714
inlier,501,71.5714285714286
