label,GroupCount,Percent
outlier,159,22.7142857142857
inlier,541,77.2857142857143
