label,GroupCount,Percent
outlier,27,3.85714285714286
inlier,673,96.1428571428571
