accuracy,precision,sensitivity,specificity,f1Score,aucpr
0.928571428571429,NaN,0,1,0,0.0667644077123464
0.664059283655825,0.059025394646534,0.247838616714697,0.696076258035912,0.0953436807095344,0.060642739571614
0.737958007410457,0.18024861878453,0.752161383285303,0.736865440035469,0.290807799442897,0.251133715270562
0.721696171263895,0.155113246396706,0.651296829971182,0.727111505209488,0.250554323725055,0.168078000623776
0.723754631535611,0.158544955387783,0.665706051873199,0.728219906894259,0.25609756097561,0.169910881069785
