label,GroupCount,Percent
inlier,3142,92.3845927668333
outlier,259,7.61540723316672
