label,GroupCount,Percent
outlier,190,27.1428571428571
inlier,510,72.8571428571429
