label,GroupCount,Percent
outlier,114,16.2857142857143
inlier,586,83.7142857142857
