label,GroupCount,Percent
inlier,3345,98.3534254630991
outlier,56,1.64657453690091
