name,accuracy,precision,sensitivity,specificity,f1Score,aucpr
kMRCD,0.9021836290508,NaN,0,0.999974026648658,0,0.0917992428022808
lof,0.623406760959388,0,0,0.679707625454511,0,0.0742575745983945
iforest,0.657325616155438,0.0865427671211773,0.257408522045185,0.699991139072196,0.129534887526402,0.13737529592886
robustcov,0.887810458876764,NaN,0,0.985491629685037,0,0
