name,accuracy,precision,sensitivity,specificity,f1Score,aucpr
kMRCD,0.953,0.833915032679739,0.653333333333333,0.986296296296296,0.728188285464147,0.836974524104594
lof,0.636666666666667,0.0611111111111111,0.183333333333333,0.687037037037037,0.0916666666666667,0.0866628658318292
iforest,0.727666666666667,0.209166739797824,0.62,0.73962962962963,0.312798428565516,0.19970512913341
robustcov,0.9,NaN,0,1,0,0
