name,accuracy,precision,sensitivity,specificity,f1Score,aucpr
kMRCD,0.800836645197758,0.334398702321959,0.999948570733942,0.778695638288635,0.501191123471677,0.967172344425035
lof,0.799989958285042,0.333316385042568,0.999949155127705,0.777772209003014,0.499974577563853,0.978318529867327
iforest,0.802624244596801,0.336123328304984,0.998559646284611,0.780850324959003,0.502949686495307,0.915209097231304
robustcov,0.901587355164917,NaN,0,0.995488578397914,0,0
