name,accuracy,precision,sensitivity,specificity,f1Score,aucpr
kMRCD,0.958,0.833825901874236,0.726666666666667,0.983703703703704,0.774798059002156,0.860086374409282
lof,0.628666666666667,0.0477777777777778,0.143333333333333,0.682592592592593,0.0716666666666667,0.0899436522915327
iforest,0.659,0.0951502849919752,0.283333333333333,0.700740740740741,0.142458375967303,0.143694053465774
robustcov,0.9,NaN,0,1,0,0
