name,accuracy,precision,sensitivity,specificity,f1Score,aucpr
kMRCD,0.940666666666667,0.779437972295115,0.556666666666667,0.983333333333333,0.642609565620761,0.718993862494929
lof,0.8,0.333333333333333,1,0.777777777777778,0.5,0.980600818596382
iforest,0.804333333333333,0.338247045914157,1,0.782592592592593,0.505499641278542,0.918242826911285
robustcov,0.9,NaN,0,1,0,0
