name,accuracy,precision,sensitivity,specificity,f1Score,aucpr
kMRCD,0.750510351808163,0.245251332993874,0.65618119553018,0.753049832884617,0.35705237562879,0.261205422814544
lof,0.640049586986074,0.0611261029021688,0.183378308706506,0.688969280273028,0.0916891543532531,0.085974996129078
iforest,0.725946698386423,0.203395639099855,0.602698363765631,0.738744547355892,0.304148693444637,0.199262221689808
robustcov,0.899470600813946,NaN,0,0.99468675267526,0,0
