label,GroupCount,Percent
inlier,419,99.7619047619048
outlier,1,0.238095238095238
