label,GroupCount,Percent
outlier,16,2.28571428571429
inlier,684,97.7142857142857
