name,accuracy,precision,sensitivity,specificity,f1Score,aucpr
kMRCD,0.798713657448436,NaN,0,0.995513553012248,0,0.278280174735395
lof,0.556270818362949,0.255747567632744,0.63936891908186,0.535267331470696,0.365353668046777,0.267183014430081
iforest,0.55453899386513,0.252909904741586,0.629472051163714,0.535562271669312,0.360840825068711,0.265905434108898
robustcov,0.8,NaN,0,1,0,0
