name,accuracy,precision,sensitivity,specificity,f1Score,aucpr
kMRCD,0.69963452255285,NaN,0,0.996614531622268,0,0.369098184447568
lof,0.544458770684781,0.344024026161978,0.57337337693663,0.531898991943186,0.430030032702473,0.348590261945977
iforest,0.545372138617744,0.344371803702463,0.571415226452801,0.534086599286224,0.429749026175311,0.351226715570768
robustcov,0.7,NaN,0,1,0,0
