name,accuracy,precision,sensitivity,specificity,f1Score,aucpr
kMRCD,0.791328555964811,0.348833321439697,0.0493593775381374,0.973670661702516,0.0864817243260551,0.284137313025104
lof,0.669852634560002,0.281302764542716,0.421954146814074,0.731251087365503,0.337563317451259,0.27537292812294
iforest,0.668888699381922,0.278473095607591,0.41498779285571,0.731842381599213,0.333293303886185,0.273291907586473
robustcov,0.8,NaN,0,1,0,0
