label,GroupCount,Percent
inlier,587,83.8571428571429
outlier,113,16.1428571428571
