label,GroupCount,Percent
inlier,590,84.2857142857143
outlier,110,15.7142857142857
