label,GroupCount,Percent
inlier,295,84.2857142857143
outlier,55,15.7142857142857
