label,GroupCount,Percent
inlier,593,84.7142857142857
outlier,107,15.2857142857143
