label,GroupCount,Percent
inlier,558,79.7142857142857
outlier,142,20.2857142857143
