label,GroupCount,Percent
outlier,156,22.2857142857143
inlier,544,77.7142857142857
