label,GroupCount,Percent
outlier,121,17.2857142857143
inlier,579,82.7142857142857
