accuracy,precision,sensitivity,specificity,f1Score,aucpr
0.621487603305785,0.602739726027397,0.180327868852459,0.919667590027701,0.277602523659306,0.501317712227992
0.596694214876033,NaN,0,1,0,0
0.494214876033058,0.397350993377483,0.491803278688525,0.49584487534626,0.43956043956044,0.43381935407047
0.51900826446281,0.421926910299003,0.520491803278688,0.518005540166205,0.46605504587156,0.445087880655593
