label,GroupCount,Percent
inlier,198,65.3465346534653
outlier,105,34.6534653465347
