label,GroupCount,Percent
inlier,192,63.3663366336634
outlier,111,36.6336633663366
