label,GroupCount,Percent
inlier,200,66.006600660066
outlier,103,33.993399339934
