accuracy,precision,sensitivity,specificity,f1Score,aucpr
0.6045,0.174708818635607,0.2625,0.69,0.20979020979021,0.158700802019224
0.8,NaN,0,1,0,0
0.563,0.105,0.1575,0.664375,0.126,0.150375345269141
0.596,0.156565656565657,0.2325,0.686875,0.187122736418511,0.164147311286811
