label,GroupCount,Percent
inlier,1105,78.9285714285714
outlier,295,21.0714285714286
