label,GroupCount,Percent
inlier,556,79.4285714285714
outlier,144,20.5714285714286
