label,GroupCount,Percent
inlier,3232,95.0308732725669
outlier,169,4.96912672743311
