label,GroupCount,Percent
outlier,15,2.14285714285714
inlier,685,97.8571428571429
